,init,fp2,fp1,fp3,t1
x0,0,0,0,1,0
x1,0,0,0,0,0
x2,0,0,0,1,1
x3,0,1,1,0,1
x4,0,1,1,1,1
x5,0,1,1,0,0
x6,0,1,1,1,0
x7,0,1,1,1,1
x10,0,0,0,0,0
x13,0,0,0,0,1
x16,0,0,0,0,0
x17,0,0,0,0,1
x23,0,0,0,1,1
x25,0,0,0,0,0
x26,0,0,0,1,1
x30,0,0,0,0,0
x31,0,1,1,1,0
x32,0,1,1,0,1
x33,0,0,0,1,1
x39,0,1,1,1,1
x40,0,1,1,1,0
x43,0,0,0,0,0
x44,0,0,0,1,1
x45,0,1,1,0,0
x46,0,0,0,1,1
x47,0,1,1,0,0
x48,0,1,1,1,0
x49,0,1,1,1,1
x50,0,1,1,1,0
x51,0,1,1,1,0
x52,0,0,0,0,0
x53,0,1,1,1,1
x56,0,0,0,1,1
x57,0,0,0,1,1
x58,0,1,1,0,1
x59,0,1,1,0,0
x61,0,0,0,1,0
x63,0,0,0,0,0
x64,0,1,1,1,0
x65,0,1,1,1,0
x67,0,0,0,0,0
x70,0,0,0,1,0
x71,0,0,0,1,0
x73,0,0,0,0,1
x78,0,1,1,0,1
x79,0,0,0,0,0
x80,0,1,1,0,0
x81,0,0,0,0,0
x82,0,1,1,1,0
x84,0,1,1,0,0
x85,0,1,1,0,0
x86,0,1,1,1,0
x88,0,0,0,0,0
x89,0,0,0,0,0
x90,0,1,1,1,0
x91,0,1,1,0,1
x92,0,0,0,0,1
x93,0,0,0,0,0
x95,0,1,1,1,0
x98,0,0,0,1,0
x99,0,0,0,0,1
x100,0,1,1,1,0
x102,0,1,1,1,1
x107,0,1,1,1,0
x108,0,0,0,0,1
x109,0,0,0,0,0
x110,0,0,0,1,0
x113,0,0,0,0,0
x114,0,0,0,1,1
x117,0,1,1,1,1
x118,0,1,1,0,1
x119,0,1,1,1,1
x121,0,0,0,0,0
x122,0,1,1,1,1
x126,0,0,0,0,1
x128,0,0,0,1,0
x132,0,1,1,1,0
x138,0,1,1,1,1
x139,0,0,0,0,0
x140,0,0,0,1,0
x142,0,1,1,1,1
x143,0,0,0,0,0
x144,0,1,1,1,0
x148,0,1,1,1,0
x150,0,0,0,0,0
x151,0,1,1,1,0
x152,0,1,0,1,0
x154,0,1,1,0,0
x155,0,0,0,1,0
x157,0,0,0,1,0
x158,0,0,0,0,1
x159,0,1,1,0,0
x165,0,0,0,0,0
x166,0,1,1,1,0
x167,0,0,0,0,0
x170,0,0,0,0,0
x173,0,1,1,1,1
x174,0,0,0,1,1
x175,0,0,0,0,1
x178,0,0,0,0,0
x181,0,0,0,0,0
x182,0,1,1,1,1
x183,0,0,0,0,1
x185,0,0,0,1,1
x189,0,0,0,0,0
x200,0,0,0,0,0
x201,0,0,0,0,0
x202,0,1,1,1,1
x205,0,0,0,0,0
x209,0,0,0,0,1
x210,0,0,0,0,0
x211,0,1,1,1,0
x212,0,0,0,0,0
x214,0,1,1,1,0
x216,0,1,1,0,0
x217,0,0,0,0,0
x220,0,1,1,0,1
x221,0,0,0,1,0
x224,0,1,1,1,0
x226,0,1,1,1,0
x231,0,1,1,0,0
x233,0,0,0,0,0
x235,0,0,0,0,0
x236,0,0,0,1,0
x238,0,1,1,1,1
x240,0,1,1,0,1
x242,0,1,1,1,1
x244,0,0,0,0,0
x245,0,0,0,1,0
x246,0,0,0,0,0
x247,0,0,0,1,1
x248,0,0,0,0,0
x250,0,1,1,0,0
x254,0,1,1,1,1
x255,0,1,1,1,0
x259,0,0,0,1,0
x261,0,1,1,1,0
x263,0,0,0,0,0
x264,0,0,0,1,0
x266,0,1,1,0,0
x267,0,0,0,1,0
x268,0,1,1,1,0
x269,0,0,0,1,1
x270,0,0,0,0,0
x272,0,0,0,1,0
x273,0,1,1,0,1
x277,0,0,0,0,0
x281,0,0,0,1,0
x282,0,0,0,0,0
x285,0,0,0,1,1
x286,0,0,0,1,0
x287,0,1,1,1,0
x288,0,0,0,0,0
x289,0,0,0,1,1
x294,0,1,1,1,1
x295,0,1,1,1,1
x298,0,1,1,0,0
x299,0,1,1,1,0
x302,0,0,0,1,0
x303,0,1,1,1,0
x304,0,0,0,1,0
x307,0,1,1,1,0
x308,0,0,0,0,0
x314,0,1,1,1,0
x316,0,0,0,0,0
x317,0,0,0,0,1
x322,0,0,0,0,0
x323,0,0,0,0,0
x325,0,1,1,1,0
x326,0,0,0,0,0
x327,0,1,1,0,0
x329,0,1,1,1,0
x330,0,1,1,1,0
x332,0,1,1,1,0
x333,0,1,1,0,1
x336,0,0,0,0,0
x339,0,1,1,1,0
x340,0,0,0,1,1
x341,0,0,0,0,0
x342,0,0,0,0,0
x343,0,0,0,0,1
x344,0,1,1,0,0
x346,0,0,0,0,0
x348,0,1,1,0,0
x349,0,1,1,1,0
x350,0,0,0,0,0
x355,0,1,1,1,1
x358,0,1,1,1,1
x361,0,1,1,0,0
x363,0,1,1,1,1
x366,0,0,0,0,0
x369,0,1,1,1,0
x370,0,1,1,0,0
x372,0,0,0,0,0
x373,0,0,0,1,0
x374,0,0,0,1,0
x376,0,1,1,0,1
x379,0,1,1,1,0
x382,0,0,0,1,1
x383,0,0,0,0,0
x388,0,0,0,0,0
x389,0,0,0,0,0
x391,0,0,0,1,1
x395,0,0,0,0,0
x397,0,0,0,0,1
x398,0,1,1,1,1
x401,0,1,1,1,1
x402,0,1,1,1,1
x403,0,1,1,0,0
x405,0,1,1,0,0
x406,0,0,0,1,0
x407,0,1,1,0,0
x410,0,1,1,1,0
x413,0,1,1,1,1
x416,0,1,1,1,1
x418,0,0,0,0,0
x419,0,1,1,1,0
x420,0,0,0,0,0
x423,0,0,0,0,0
x425,0,1,1,1,0
x426,0,0,0,1,0
x428,0,0,0,0,0
x429,0,1,1,1,1
x431,0,0,0,1,1
x434,0,1,1,1,0
x439,0,1,1,0,0
x440,0,1,1,1,1
x441,0,0,0,0,0
x443,0,0,0,1,1
x444,0,0,0,0,0
x446,0,0,0,0,0
x447,0,1,1,1,0
x448,0,1,1,0,1
x450,0,0,0,0,1
x454,0,1,1,1,0
x455,0,0,0,0,0
x456,0,1,1,0,0
x458,0,0,0,0,0
x459,0,0,0,0,1
x460,0,0,0,0,1
x462,0,0,0,0,1
x465,0,0,0,0,1
x469,0,1,1,1,1
x470,0,0,0,0,0
x471,0,1,1,0,0
x476,0,0,0,0,0
x477,0,1,1,1,1
x482,0,1,1,1,1
x483,0,0,0,1,0
x490,0,1,1,0,1
x491,0,1,1,1,0
x493,0,1,1,1,0
x494,0,0,0,0,0
x501,0,1,1,0,0
x503,0,0,0,0,0
x504,0,1,1,1,1
x505,0,0,0,0,0
x509,0,0,0,0,0
x510,0,0,0,0,1
x514,0,0,0,0,0
x516,0,0,0,0,0
x518,0,0,0,0,0
x524,0,0,0,0,0
x527,0,0,0,0,0
x528,0,0,0,0,1
x532,0,0,0,1,0
x535,0,1,1,1,0
x537,0,1,1,1,0
x543,0,0,0,0,0
x545,0,1,1,0,0
x546,0,1,1,0,0
x547,0,1,1,1,0
x552,0,1,1,1,0
x553,0,0,0,0,1
x554,0,1,1,0,1
x556,0,1,1,1,0
x558,0,1,1,1,1
x559,0,0,0,0,1
x560,0,1,1,1,0
x562,0,0,0,0,0
x564,0,0,0,1,0
x565,0,0,0,1,0
x566,0,1,1,0,0
x570,0,0,0,0,1
x572,0,1,1,0,0
x573,0,0,0,0,1
x576,0,0,0,1,0
x577,0,1,1,0,0
x578,0,1,1,0,0
x579,0,1,1,0,0
x581,0,0,0,0,1
x585,0,0,0,0,1
x586,0,0,0,0,0
x587,0,0,0,0,0
x588,0,0,0,1,0
x593,0,0,0,0,0
x594,0,1,1,0,0
x597,0,0,0,1,0
x8,1,0,0,1,1
x9,1,0,0,0,1
x11,1,1,1,1,0
x12,1,1,1,1,1
x14,1,0,0,0,1
x15,1,0,0,0,0
x18,1,0,0,0,1
x19,1,0,1,0,0
x20,1,1,1,0,1
x21,1,0,0,1,1
x22,1,1,1,0,0
x24,1,1,1,1,1
x27,1,1,1,1,1
x28,1,0,0,1,1
x29,1,0,0,0,1
x34,1,0,0,1,0
x35,1,1,1,1,1
x36,1,0,0,0,1
x37,1,1,1,1,0
x38,1,1,1,0,0
x41,1,0,0,0,0
x42,1,1,1,1,1
x54,1,1,1,1,1
x55,1,0,0,0,1
x60,1,1,1,1,0
x62,1,1,1,0,0
x66,1,1,1,0,1
x68,1,1,1,1,1
x69,1,1,1,1,1
x72,1,0,0,0,0
x74,1,0,0,0,1
x75,1,0,0,0,0
x76,1,0,0,1,0
x77,1,0,0,0,0
x83,1,0,0,0,0
x87,1,1,1,1,0
x94,1,1,1,1,1
x96,1,1,1,1,1
x97,1,0,0,0,0
x101,1,1,1,1,1
x103,1,0,0,0,1
x104,1,0,0,0,1
x105,1,0,0,0,0
x106,1,0,0,1,1
x111,1,1,1,1,1
x112,1,1,1,1,1
x115,1,0,0,0,0
x116,1,1,1,1,1
x120,1,1,1,1,1
x123,1,0,0,1,0
x124,1,0,0,0,0
x125,1,1,1,1,1
x127,1,1,1,1,1
x129,1,0,0,0,1
x130,1,1,1,1,1
x131,1,0,0,1,0
x133,1,1,1,0,0
x134,1,0,0,0,1
x135,1,1,1,1,1
x136,1,0,0,0,1
x137,1,1,1,0,1
x141,1,1,1,1,1
x145,1,1,1,1,1
x146,1,1,1,1,1
x147,1,1,1,1,1
x149,1,0,0,1,1
x153,1,1,1,0,1
x156,1,0,0,0,1
x160,1,1,1,0,1
x161,1,0,0,0,0
x162,1,1,1,0,1
x163,1,0,0,0,1
x164,1,0,0,0,0
x168,1,1,1,0,1
x169,1,1,1,1,1
x171,1,1,1,1,1
x172,1,0,0,0,1
x176,1,1,1,0,0
x177,1,1,1,1,0
x179,1,1,1,0,0
x180,1,1,1,1,0
x184,1,1,1,1,0
x186,1,1,1,1,1
x187,1,0,0,0,1
x188,1,0,0,0,1
x190,1,0,0,0,1
x191,1,0,0,1,1
x192,1,1,1,0,1
x193,1,1,1,1,1
x194,1,1,1,0,0
x195,1,0,0,0,1
x196,1,0,0,1,0
x197,1,0,0,0,0
x198,1,1,1,1,0
x199,1,1,1,1,1
x203,1,0,0,0,0
x204,1,0,1,0,1
x206,1,0,0,0,1
x207,1,0,0,0,0
x208,1,1,1,1,1
x213,1,0,0,0,0
x215,1,0,0,0,1
x218,1,1,1,0,0
x219,1,0,0,0,0
x222,1,0,0,0,1
x223,1,0,0,1,1
x225,1,0,0,0,0
x227,1,0,0,0,1
x228,1,0,0,0,0
x229,1,0,0,1,1
x230,1,0,0,0,1
x232,1,0,0,1,1
x234,1,0,0,1,1
x237,1,0,0,0,0
x239,1,0,0,0,1
x241,1,0,0,1,1
x243,1,1,1,0,1
x249,1,0,0,1,1
x251,1,0,0,0,1
x252,1,0,0,1,1
x253,1,0,0,0,1
x256,1,0,0,0,1
x257,1,1,1,0,1
x258,1,0,0,0,0
x260,1,0,0,1,0
x262,1,0,1,0,1
x265,1,0,0,0,0
x271,1,1,1,1,0
x274,1,1,1,1,1
x275,1,1,1,1,1
x276,1,0,0,0,1
x278,1,0,0,0,1
x279,1,1,1,0,1
x280,1,1,1,1,1
x283,1,1,1,1,1
x284,1,0,0,1,1
x290,1,0,0,0,1
x291,1,1,1,0,0
x292,1,1,1,1,1
x293,1,1,1,0,1
x296,1,1,1,1,1
x297,1,0,0,0,1
x300,1,1,1,1,1
x301,1,1,1,0,0
x305,1,0,0,1,0
x306,1,1,1,1,0
x309,1,0,0,0,1
x310,1,1,1,1,1
x311,1,1,1,1,1
x312,1,1,1,1,1
x313,1,0,0,0,1
x315,1,0,0,1,0
x318,1,0,0,1,1
x319,1,0,0,1,1
x320,1,0,0,1,1
x321,1,0,0,0,1
x324,1,1,1,0,1
x328,1,0,0,1,0
x331,1,1,1,1,1
x334,1,0,0,0,1
x335,1,0,0,0,1
x337,1,1,1,1,1
x338,1,0,0,1,1
x345,1,1,1,1,1
x347,1,0,0,1,1
x351,1,0,0,1,1
x352,1,1,1,1,1
x353,1,0,0,0,1
x354,1,1,1,1,1
x356,1,1,1,1,0
x357,1,0,0,1,1
x359,1,1,1,1,1
x360,1,0,0,1,1
x362,1,0,0,0,1
x364,1,0,0,0,1
x365,1,0,0,1,1
x367,1,1,1,0,0
x368,1,1,1,0,1
x371,1,0,0,1,1
x375,1,1,1,1,1
x377,1,1,1,1,1
x378,1,1,1,1,0
x380,1,1,1,1,0
x381,1,1,1,1,1
x384,1,0,0,0,1
x385,1,1,1,1,1
x386,1,0,0,0,1
x387,1,0,0,0,1
x390,1,1,1,1,1
x392,1,0,0,0,1
x393,1,0,0,1,0
x394,1,0,0,0,1
x396,1,1,1,1,0
x399,1,1,1,1,1
x400,1,1,1,1,1
x404,1,1,1,1,0
x408,1,0,1,0,1
x409,1,0,0,0,0
x411,1,0,0,1,1
x412,1,1,1,1,1
x414,1,1,1,1,0
x415,1,1,1,1,1
x417,1,0,0,1,0
x421,1,0,0,0,1
x422,1,1,1,1,0
x424,1,1,1,1,1
x427,1,1,1,1,0
x430,1,1,1,1,1
x432,1,0,0,0,1
x433,1,1,1,1,1
x435,1,0,0,1,1
x436,1,0,0,0,1
x437,1,1,1,1,1
x438,1,1,1,1,1
x442,1,0,0,1,1
x445,1,1,1,1,0
x449,1,1,1,0,1
x451,1,1,1,1,1
x452,1,1,1,0,1
x453,1,1,1,0,1
x457,1,0,0,1,1
x461,1,0,0,0,0
x463,1,0,0,1,0
x464,1,1,1,1,1
x466,1,1,1,0,0
x467,1,1,1,1,1
x468,1,1,1,1,1
x472,1,0,0,0,1
x473,1,1,1,1,0
x474,1,1,1,0,1
x475,1,0,0,0,1
x478,1,0,0,1,1
x479,1,0,0,0,1
x480,1,0,0,0,1
x481,1,1,1,0,1
x484,1,0,0,1,0
x485,1,0,0,0,1
x486,1,0,0,1,1
x487,1,0,0,1,0
x488,1,1,1,1,1
x489,1,1,1,1,1
x492,1,0,0,0,0
x495,1,1,1,1,0
x496,1,0,0,0,1
x497,1,0,0,1,1
x498,1,0,0,1,1
x499,1,1,1,1,1
x500,1,1,1,1,0
x502,1,1,1,0,1
x506,1,1,1,1,1
x507,1,1,1,1,1
x508,1,1,1,1,0
x511,1,1,1,1,1
x512,1,0,0,0,0
x513,1,0,0,0,0
x515,1,0,1,0,1
x517,1,1,1,1,1
x519,1,1,1,1,0
x520,1,1,1,1,1
x521,1,1,1,1,0
x522,1,0,0,1,1
x523,1,0,0,0,1
x525,1,1,1,0,0
x526,1,1,1,1,1
x529,1,0,0,0,1
x530,1,1,1,0,1
x531,1,1,1,1,1
x533,1,0,0,1,1
x534,1,1,1,1,0
x536,1,0,0,0,1
x538,1,1,1,0,1
x539,1,1,1,1,1
x540,1,0,0,1,1
x541,1,1,1,0,1
x542,1,1,1,1,0
x544,1,0,0,0,1
x548,1,1,1,1,1
x549,1,0,0,0,0
x550,1,1,1,0,0
x551,1,1,1,1,1
x555,1,1,1,0,1
x557,1,1,1,1,1
x561,1,1,1,1,1
x563,1,0,0,0,0
x567,1,1,1,0,1
x568,1,1,1,0,1
x569,1,1,1,0,1
x571,1,0,0,0,0
x574,1,0,0,1,1
x575,1,0,0,0,1
x580,1,1,1,0,1
x582,1,1,1,1,0
x583,1,1,1,1,0
x584,1,1,1,1,1
x589,1,0,0,0,1
x590,1,1,1,1,1
x591,1,1,1,0,0
x592,1,1,1,1,0
x595,1,1,1,1,1
x596,1,1,1,0,1
x598,1,1,1,1,0
x599,1,0,0,1,1
